id,brand
1,인스펙터
2,스미스아머
3,세비지
4,퍼블리쉬
5,알엘오엘
6,소버먼트
7,아이사피
8,페이퍼보이
9,스쿠읏 어페럴
10,헬즈벨즈
11,포에잇츠
12,데상트
13,디써티원
14,스코타
15,브랜디드
16,피레티
17,제이씨디씨
18,아주르
19,알파 인더스트리
20,누아클레
21,그라미치
22,파나컬트
23,다로
24,코워커스
25,엘무드
26,르아르
27,매버릭
28,포스333
29,이에이
30,제로라운지
31,가터갤러리
32,하프크라이즈 레이아웃
33,라그랑지
34,슬리퍼 히트 비디오
35,유쓰배쓰
36,푸마 셀렉트
37,뉴비
38,노매뉴얼
39,아디다스
40,리복
41,라이즈앤빌로우
42,완톤
43,디메이든
44,밀로
45,폴로 랄프 로렌 골프
46,챱챱
47,알엔오티
48,더스토리
49,엠엔지유
50,에스프리
51,쿠스너프
52,챈스챈스
53,인비저블
54,률앤와이
55,에이징씨씨씨
56,마인드브릿지
57,돈애스크마이플랜
58,포윗
59,논플로어
60,타미진스
61,테이크이지
62,1993스튜디오
63,하프웨이 네이티브
64,세컨드컨셉
65,에드리엘로스
66,페얼스
67,비비씨
68,씨오큐
69,바운더리
70,비피투디스오더
71,언놈 이즈 데드
72,시그니처
73,짐마스터
74,노우트
75,엠엠엘지
76,기명
77,비욘드클로젯
78,커스텀멜로우
79,피스오브마인드
80,아크로 티 컬렉션
81,노앙
82,베이직코튼
83,도미넌트
84,플라스크
85,앤더슨벨
86,이넥시스
87,스케이터락
88,가먼트레이블
89,브아빗
90,뮤직프리크
91,비르반테
92,나이스고스트클럽
93,스펑키
94,젠사이
95,유즈드퓨처
96,뉴웨이브보이즈
97,드퐁
98,아케인 펑크
99,그리너리 크리드
100,바우프
101,이지오
102,에이전트픽
103,엑시아
104,펜듈럼
105,애드오프
106,고목
107,파이
108,와이이오
109,비슬로우
110,이스트쿤스트
111,하이퍼 데님
112,데케트
113,건지 울른스
114,토마스모어
115,슬릭앤이지
116,트릴리온
117,랩101
118,나인윅스
119,오메르타
120,네이키드앤페이머스
121,아우브아워
122,더바이닐하우스
123,세인트크루
124,서피스에디션
125,써틴먼스
126,케이케이
127,앤드 뉴스탠다드
128,아더피츠
129,마틴플랜
130,블루썬플라워
131,디아도라
132,드네이지
133,1017 알릭스 9SM
134,아웃도어 프로덕츠
135,기호
136,스파오
137,누팍
138,이드
139,비범스
140,네온 제네시스 오디티
141,롱플레잉레코드
142,디씨슈즈
143,오베르
144,라츠
145,인터섹션
146,인템포무드
147,베테제
148,엑스카토
149,뉴해빗
150,라멀마메종
151,이에스씨 스튜디오
152,에스티코
153,만지
154,뎃츠잇
155,리코나인
156,데밀
157,에리즈 얼라이즈
158,디앤에스알
159,발렌시아가
160,퓨처랩
161,마르베테
162,텐테이셔넴
163,에드
164,디스이즈네버댓
165,오드랭귀지
166,팔렛
167,와르
168,알렌느
169,고스트릿
170,시도
171,이티씨이
172,페이탈리즘
173,멜란지 마스터
174,미스터차일드
175,유니버셜 오버롤
176,마노드
177,아웃스탠딩
178,아메리칸니들
179,뱉매스
180,몽세누
181,르마드
182,5252 바이 오아이오아이
183,엠앤엘
184,에잇볼륨
185,소윙바운더리스
186,랩12
187,레이쿠
188,스티그마
189,살롱드서울
190,네파
191,디프리크
192,엑스톤즈
193,이프시
194,바이브레이트
195,메버릭
196,세븐피겨스
197,챔피온
198,그리디어스
199,와이쏘씨리얼즈
200,아카이브 볼드
201,게스
202,라울
203,빈트릴
204,피스케이터
205,쎄르페
206,슈브토
207,와이프로젝트
208,트립르센스
209,플래니트
210,디스코드사운드
211,템푸스스튜디오
212,모디파이드
213,리베레코리아
214,아드베스
215,굿바움
216,페라두라
217,아임낫어휴먼비잉
218,오에이엠씨
219,본하이커
220,모노소잉
221,오가프
222,디어디어
223,엠엠지엘
224,판도라핏
225,더 슬렌티드
226,위해브어테일
227,모드나인
228,코디갤러리
229,레스트앤레크레이션
230,바이엘
231,이모션플래닛
232,반스
233,어레인지
234,익스프레스 홀리데이
235,스모크라이즈
236,티비제이
237,리와인더
238,암피스트
239,코케트 스튜디오
240,블릭베이크
241,선데이오프클럽
242,올디
243,카트리나케이
244,스노우피크
245,더발론
246,피스워커
247,맥우드건
248,스위치123
249,오오엠스튜디오
250,인더스트
251,리우 옴므
252,참스
253,앳 더 모먼트
254,투에니스홀
255,딜레탕티즘
256,비긴202
257,낫포너드
258,세터
259,에즈카톤
260,슬로우보이
261,하이퍼옵스
262,문선
263,가르강
264,로어즈
265,바스틱
266,모스
267,빠니깔레
268,선데이후르츠마켓
269,이레귤러
270,루브라이
271,스톤아일랜드
272,피파 오피셜라이선스프로덕트
273,씨오엠이
274,체이스컬트
275,무오
276,에이소프
277,노이어
278,이에스엔
279,올투스 바스터즈
280,파이브라인
281,엘엠씨
282,쿠어
283,와이잭
284,브룩스 브라더스
285,로익
286,호텔세리토스
287,채드프롬
288,밀린
289,아미리
290,에이본
291,세로진
292,헤레틱
293,더블에이씨
294,에씨드슬라이드
295,애니타임로릭
296,메츠
297,모즈모즈
298,모티브스트릿
299,로드 존 그레이
300,피투씨
301,필로그램
302,랠리포인트
303,문수권세컨
304,골스튜디오
305,아트 오브 필드
306,척
307,리
308,헤이릴렉스캄다운
309,엠엠아이씨
310,일구구공보이
311,윈더
312,지독서울
313,벨리프
314,그레이티스트
315,플랙
316,키르티무카
317,아플라프
318,에러스익셉티드
319,메종미네드
320,네스티킥
321,누아르나인
322,감마갤러리
323,제로
324,유즈
325,주앙옴므
326,사쿤
327,네이머클로딩
328,시티브리즈
329,프로드셔츠
330,오버캐스트
331,애프터매스
332,블루디 블루
333,우알롱
334,브이투
335,마르지하우스
336,브라운브레스
337,리트리버클럽
338,시그니피컨트
339,타미힐피거
340,와릿이즌
341,블라디스
342,코랄리안
343,홀리넘버세븐
344,라퍼지스토어
345,친다운
346,엑스트라오디너리
347,엔에프엘
348,굿데이메이트
349,베이프
350,도조
351,위캔더스
352,라모랭
353,주에로
354,제멋
355,더블알엘
356,알디브이제트
357,디오스피스
358,페이크 케미컬 클럽
359,쿼크 어라운드
360,볼컴
361,밈더워드로브
362,로코베이직
363,노드 아카이브
364,세븐셀라
365,앨빈클로
366,베러댄88
367,슬로우포크
368,블라쿤
369,카이쇼
370,마리떼
371,필드워커
372,유어먼스 유어데이
373,윌리엄스버그 뉴욕시티
374,예아
375,프린트스타
376,백엔포스
377,리플라이퍼키
378,와일드띵스
379,크림소다랩
380,펜필드
381,코엘로나인
382,유에프씨 스포츠
383,와이케이
384,오파츠
385,잔카
386,로우 투 로우
387,마크엠
388,랭글러
389,플라스틱프로덕트
390,월페인터
391,이벳필드
392,제이리움
393,피스오브무즈
394,비바프
395,피엘라벤
396,하이랜드 델리 앤 그로서리
397,디쏘에이치
398,토마스 베일리
399,스핏파이어
400,아퐁
401,아조바이아조
402,말렌
403,인로우스
404,비헤비어
405,이륙
406,무신사 스탠다드
407,로파이
408,폴로 랄프 로렌
409,피알케이
410,플래그니크
411,노드스튜디오
412,벤에시
413,에이프릴77
414,51퍼센트
415,이스트인디고
416,디그낙12
417,아영상사
418,오더아카이브
419,블러1.0
420,트렁크프로젝트
421,마뗑킴
422,디퍼런트이즈.오케이
423,인스턴트펑크
424,밀리언코르
425,닥터데님
426,매스노운
427,원허닛
428,스트라이크
429,므아므
430,블랙에이드
431,마켓
432,가치
433,메이킷투
434,그래피커스
435,오드 디파트먼트
436,블라인드니스
437,필드매뉴얼
438,디아프바인
439,시티스트리트
440,스모크무드
441,예스아이씨
442,안젤로비안코
443,레씨토
444,디벨
445,벤셔먼
446,퍼스텝
447,오닐
448,로스코
449,비디알
450,카부
451,빌보드스타일
452,세니트
453,공백
454,우빙
455,플레이버리즘
456,유니온가먼츠
457,언노멀
458,파츠
459,올드비
460,솔티
461,어텐션로우
462,지아니루포
463,고낙
464,틀영
465,아이엠아이
466,로맨틱크라운
467,피지컬 에듀케이션 디파트먼트
468,레인스
469,피어리스니스
470,에스파이벗
471,로얄라이프
472,슬레이
473,블러프
474,넥스트도어립스
475,미나브
476,노우웨이브
477,아비렉스
478,파르티멘토
479,애스플래폼
480,배드인배드
481,버커루
482,인사일런스
483,데호
484,아르반
485,비에스래빗
486,누벨바그 코리아
487,배드블러드
488,인프랩
489,에포님
490,나우앤투모로우
491,미스테리 피플 리서치
492,어반드레스
493,디키즈
494,바스락
495,하드기어 어패럴
496,블랙야크
497,뮤지엄 오브 피스 앤 콰이엇
498,덕다이브
499,아크메드라비
500,테네르
501,데님인디고마스터
502,아노니모아노니마
503,맨인정글
504,와이엠씨엘케이와이
505,맨셔네어
506,에버라스트
507,누보텐
508,프리즘웍스
509,선플라워
510,무무스크
511,스톰런던
512,아웃오브바운즈
513,버튼서울
514,디젤
515,비바스튜디오
516,루오니어
517,살롱드키
518,미뇽네프
519,레이버러스
