id,brand
1,슬로우포크
2,비긴202
3,엑스트라오디너리
4,블라디스
5,파츠
6,푸마 셀렉트
7,프로드셔츠
8,와이프로젝트
9,라퍼지스토어
10,에버라스트
11,지독서울
12,비디알
13,이지오
14,5252 바이 오아이오아이
15,테네르
16,비피투디스오더
17,랠리포인트
18,유니버셜 오버롤
19,로스코
20,빌보드스타일
21,앤더슨벨
22,스트라이크
23,타미힐피거
24,브랜디드
25,이레귤러
26,쿠어
27,피스오브마인드
28,이프시
29,알디브이제트
30,세인트크루
31,피지컬 에듀케이션 디파트먼트
32,아드베스
33,바이엘
34,문수권세컨
35,유어먼스 유어데이
36,나우앤투모로우
37,아노니모아노니마
38,라그랑지
39,템푸스스튜디오
40,오메르타
41,테이크이지
42,마틴플랜
43,세븐셀라
44,씨오큐
45,비슬로우
46,유쓰배쓰
47,오오엠스튜디오
48,르아르
49,스펑키
50,무무스크
51,세컨드컨셉
52,오버캐스트
53,벤에시
54,나이스고스트클럽
55,쿼크 어라운드
56,스케이터락
57,비헤비어
58,안젤로비안코
59,아메리칸니들
60,마르베테
61,디벨
62,토마스모어
63,선플라워
64,아크로 티 컬렉션
65,기명
66,슬리퍼 히트 비디오
67,챔피온
68,발렌시아가
69,암피스트
70,퍼스텝
71,시도
72,비욘드클로젯
73,그래피커스
74,노매뉴얼
75,하이퍼옵스
76,디프리크
77,바우프
78,파이브라인
79,일구구공보이
80,1993스튜디오
81,아이엠아이
82,앤드 뉴스탠다드
83,피파 오피셜라이선스프로덕트
84,벨리프
85,고목
86,엑스카토
87,마르지하우스
88,에즈카톤
89,주에로
90,노우웨이브
91,쿠스너프
92,노드 아카이브
93,플라스틱프로덕트
94,피레티
95,팔렛
96,제로라운지
97,다로
98,디퍼런트이즈.오케이
99,시그니처
100,애드오프
101,디스코드사운드
102,라멀마메종
103,네온 제네시스 오디티
104,이스트인디고
105,미나브
106,블릭베이크
107,엘무드
108,오닐
109,페이크 케미컬 클럽
110,스노우피크
111,씨오엠이
112,스쿠읏 어페럴
113,와이엠씨엘케이와이
114,필로그램
115,아르반
116,바이브레이트
117,어레인지
118,폴로 랄프 로렌 골프
119,시그니피컨트
120,블러프
121,비에스래빗
122,오파츠
123,바스틱
124,베러댄88
125,피어리스니스
126,블루썬플라워
127,파르티멘토
128,인사일런스
129,맥우드건
130,세니트
131,예스아이씨
132,데밀
133,누보텐
134,헤레틱
135,코워커스
136,에스티코
137,우빙
138,애스플래폼
139,건지 울른스
140,아퐁
141,와르
142,오에이엠씨
143,미스터차일드
144,라츠
145,기호
146,인템포무드
147,이스트쿤스트
148,블루디 블루
149,하프크라이즈 레이아웃
150,레인스
151,더블알엘
152,펜필드
153,나인윅스
154,마리떼
155,제로
156,아미리
157,스미스아머
158,노이어
159,네이키드앤페이머스
160,디쏘에이치
161,가먼트레이블
162,아웃스탠딩
163,누아르나인
164,노드스튜디오
165,랩101
166,쎄르페
167,채드프롬
168,버튼서울
169,디메이든
170,세로진
171,리와인더
172,플랙
173,데호
174,크림소다랩
175,타미진스
176,알파 인더스트리
177,올디
178,세비지
179,짐마스터
180,플라스크
181,리플라이퍼키
182,오드 디파트먼트
183,롱플레잉레코드
184,아임낫어휴먼비잉
185,모노소잉
186,엘엠씨
187,1017 알릭스 9SM
188,디앤에스알
189,슬릭앤이지
190,랭글러
191,엑스톤즈
192,뱉매스
193,빠니깔레
194,인더스트
195,아웃오브바운즈
196,이벳필드
197,비비씨
198,세븐피겨스
199,위해브어테일
200,스톰런던
201,체이스컬트
202,코케트 스튜디오
203,네파
204,배드블러드
205,베이프
206,언노멀
207,라이즈앤빌로우
208,이티씨이
209,뉴웨이브보이즈
210,아주르
211,이에스엔
212,플래그니크
213,루오니어
214,코랄리안
215,그리디어스
216,비범스
217,모즈모즈
218,드퐁
219,토마스 베일리
220,몽세누
221,더블에이씨
222,리복
223,인스펙터
224,밀리언코르
225,척
226,뮤지엄 오브 피스 앤 콰이엇
227,더 슬렌티드
228,밈더워드로브
229,파이
230,미뇽네프
231,판도라핏
232,로파이
233,시티스트리트
234,맨셔네어
235,률앤와이
236,에드
237,참스
238,아카이브 볼드
239,그리너리 크리드
240,스파오
241,아우브아워
242,배드인배드
243,하드기어 어패럴
244,굿바움
245,디키즈
246,예아
247,카이쇼
248,맨인정글
249,메츠
250,오드랭귀지
251,유즈
252,리코나인
253,마인드브릿지
254,모스
255,에이징씨씨씨
256,아비렉스
257,블러1.0
258,에씨드슬라이드
259,드네이지
260,와릿이즌
261,로코베이직
262,브아빗
263,낫포너드
264,하이퍼 데님
265,노앙
266,와이잭
267,챱챱
268,잔카
269,마켓
270,투에니스홀
271,우알롱
272,에이전트픽
273,아크메드라비
274,완톤
275,벤셔먼
276,플레이버리즘
277,포에잇츠
278,이드
279,비르반테
280,피스케이터
281,오베르
282,알렌느
283,메이킷투
284,애프터매스
285,누아클레
286,반스
287,오더아카이브
288,제이리움
289,디젤
290,소버먼트
291,필드매뉴얼
292,하프웨이 네이티브
293,유니온가먼츠
294,레이버러스
295,더바이닐하우스
296,에이소프
297,빈트릴
298,르마드
299,유에프씨 스포츠
300,이륙
301,디써티원
302,퍼블리쉬
303,사쿤
304,윌리엄스버그 뉴욕시티
305,가르강
306,스핏파이어
307,바스락
308,엠엠지엘
309,엠앤엘
310,돈애스크마이플랜
311,미스테리 피플 리서치
312,살롱드서울
313,소윙바운더리스
314,피투씨
315,노우트
316,랩12
317,블라인드니스
318,브이투
319,인프랩
320,인로우스
321,고낙
322,에스프리
323,이에스씨 스튜디오
324,비바프
325,백엔포스
326,언놈 이즈 데드
327,고스트릿
328,덕다이브
329,프리즘웍스
330,엔에프엘
331,감마갤러리
332,그라미치
333,틀영
334,카트리나케이
335,만지
336,스티그마
337,솔티
338,케이케이
339,더발론
340,레이쿠
341,에잇볼륨
342,모드나인
343,페얼스
344,키르티무카
345,블라쿤
346,모디파이드
347,아조바이아조
348,텐테이셔넴
349,스모크무드
350,페라두라
351,에리즈 얼라이즈
352,로얄라이프
353,하이랜드 델리 앤 그로서리
354,홀리넘버세븐
355,뮤직프리크
356,리트리버클럽
357,살롱드키
358,베테제
359,넥스트도어립스
360,젠사이
361,리
362,베이직코튼
363,로익
364,디그낙12
365,데상트
366,로어즈
367,티비제이
368,와이케이
369,위캔더스
370,엠엠엘지
371,아더피츠
372,무오
373,비바스튜디오
374,트릴리온
375,에이본
376,버커루
377,올드비
378,아트 오브 필드
379,공백
380,레스트앤레크레이션
381,앨빈클로
382,볼컴
383,멜란지 마스터
384,선데이후르츠마켓
385,스모크라이즈
386,브룩스 브라더스
387,파나컬트
388,주앙옴므
389,카부
390,월페인터
391,호텔세리토스
392,인터섹션
393,로맨틱크라운
394,블랙에이드
395,에스파이벗
396,앳 더 모먼트
397,윈더
398,슈브토
399,므아므
400,써틴먼스
401,리우 옴므
402,누벨바그 코리아
403,인비저블
404,마노드
405,가치
406,루브라이
407,마크엠
408,디아프바인
409,바운더리
410,브라운브레스
411,아영상사
412,아디다스
413,아이사피
414,챈스챈스
415,마뗑킴
416,슬레이
417,포스333
418,슬로우보이
419,어텐션로우
420,아케인 펑크
421,그레이티스트
422,코엘로나인
423,무신사 스탠다드
424,디어디어
425,논플로어
426,폴로 랄프 로렌
427,게스
428,밀로
429,디씨슈즈
430,페이퍼보이
431,헬즈벨즈
432,어반드레스
433,블랙야크
434,골스튜디오
435,문선
436,가터갤러리
437,뎃츠잇
438,아웃도어 프로덕츠
439,레씨토
440,라울
441,네스티킥
442,라모랭
443,뉴비
444,딜레탕티즘
445,피엘라벤
446,메종미네드
447,피알케이
448,도조
449,말렌
450,제멋
451,디아도라
452,스톤아일랜드
453,포윗
454,펜듈럼
455,더스토리
456,본하이커
457,이넥시스
458,도미넌트
459,애니타임로릭
460,피스오브무즈
461,디오스피스
462,누팍
463,알엔오티
464,이모션플래닛
465,리베레코리아
466,닥터데님
467,인스턴트펑크
468,아플라프
469,네이머클로딩
470,에이프릴77
471,에드리엘로스
472,로드 존 그레이
473,서피스에디션
474,스위치123
475,시티브리즈
476,알엘오엘
477,유즈드퓨처
478,51퍼센트
479,지아니루포
480,디스이즈네버댓
481,스코타
482,데케트
483,에포님
484,엠엔지유
485,굿데이메이트
486,퓨처랩
487,와이이오
488,매스노운
489,페이탈리즘
490,커스텀멜로우
491,플래니트
492,엠엠아이씨
493,원허닛
494,선데이오프클럽
495,로우 투 로우
496,와이쏘씨리얼즈
497,데님인디고마스터
498,트립르센스
499,모티브스트릿
500,필드워커
501,친다운
502,프린트스타
503,엑시아
504,밀린
505,뉴해빗
506,트렁크프로젝트
507,익스프레스 홀리데이
508,헤이릴렉스캄다운
509,에러스익셉티드
510,오가프
511,매버릭
512,와일드띵스
513,코디갤러리
514,제이씨디씨
515,이에이
516,메버릭
517,피스워커
518,올투스 바스터즈
519,세터
